cmd,elec,Bool,leaving,pump,"run
"
air,Number,occupied,sensor,temp,"zone
"
chilled,Bool,leaving,primaryLoop,pump,run,"sensor
"
chilled,Bool,pump,run,sensor,"water
"
elec,hisTotalized,"Number
"
elec,Number,meter,"pf
"
cmd,discharge,fan,Bool,"run
"
chilled,cmd,Bool,leaving,primaryLoop,pump,"run
"
Bool,leaving,pump,run,"sensor
"
air,Number,occupied,sp,temp,"zone
"
discharge,fan,Str,"sensor
"
boiler,Bool,run,"sensor
"
chilled,Bool,sensor,"water
"
cmd,fan,Bool,return,"run
"
chilled,elec,Number,"power
"
cmd,humidifier,humidity,"Number
"
air,Bool,mixed,"sensor
"
chilled,Bool,leaving,primaryLoop,pump,"sensor
"
cmd,discharge,fan,Number,"speed
"
Number,meter,sensor,"water
"
elec,Number,meter,"power
"
hisTotalized,"Number
"
chilled,cmd,Bool,pump,run,"water
"
discharge,fan,Bool,run,"sensor
"
chilled,cmd,fan,Str,"water
"
boiler,entering,hot,Number,sp,temp,"water
"
cmd,discharge,fan,Str,"run
"
cmd,Number,position,"valve
"
elec,enable,Bool,leaving,pump,"sensor
"
exhaust,fan,Bool,run,"sensor
"
air,filter,Bool,"mixed
"
air,Number,occupied,outside,sp,"temp
"
air,damper,discharge,Number,position,"sp
"
hot,Number,sp,temp,"water
"
boiler,hot,Number,sensor,temp,"water
"
air,Number,occupied,return,sensor,"temp
"
cmd,exhaust,fan,"Str
"
fan,Bool,return,run,"sensor
"
boiler,hot,Number,sensor,"temp
"
alarm,boiler,Bool,"sensor
"
air,chilled,Number,sensor,temp,"water
"
cmd,fan,Number,return,"speed
"
boiler,cmd,Bool,"run
"
enable,exhaust,fan,Bool,"sensor
"
air,damper,discharge,Number,"position
"
air,discharge,Number,occupied,sensor,"temp
"
